transaction_id,transaction_amount,transaction_frequency,transaction_hour,account_age_months,location_change,average_transaction_amount,is_anomaly
TXN100001,4061.8309653506262,24,3,8,0,1817.1233495440063,1
TXN100002,82.55171854533441,5,11,69,0,90.08637294023828,0
TXN100003,177.1577078962943,4,12,107,0,181.69895932764743,0
TXN100004,190.949127007006,9,9,73,0,165.63093616823755,0
TXN100005,112.60623384692936,3,22,116,0,91.11702995439333,0
TXN100006,32.84398397549722,3,19,46,0,25.107699500866836,0
TXN100007,143.0192945685983,3,22,44,0,152.53683450783086,0
TXN100008,147.1024945025959,3,8,67,0,98.34889865583506,0
TXN100009,231.7680003698563,5,21,64,0,281.1374110934069,0
TXN100010,178.33816278481225,4,10,28,0,163.3968526941383,0
TXN100011,177.82384442149421,1,21,32,0,117.08331640799712,0
TXN100012,1200.0,21,1,2,1,205.22962682178684,1
TXN100013,158.28111067641356,6,16,39,0,208.7373327287724,0
TXN100014,6240.8789046806,29,0,7,0,3608.8063167214423,1
TXN100015,224.92278514529173,4,20,20,0,141.46518496396536,0
TXN100016,156.70322036772149,6,9,76,0,154.588276896239,0
TXN100017,72.9112982019133,4,21,13,1,81.00141912906363,0
TXN100018,149.52140134720284,6,14,76,0,152.57577052499641,0
TXN100019,46.46224826627054,1,7,76,0,52.71841934642482,0
TXN100020,152.21493749764693,9,21,68,0,128.7706498253308,0
TXN100021,174.9281170335718,4,9,86,0,130.3044406441025,0
TXN100022,108.54808662372673,5,21,91,0,103.72476433987177,0
TXN100023,137.4902415405171,8,15,22,0,176.0878222703905,0
TXN100024,119.29978223236873,7,16,75,0,134.14301540410727,0
TXN100025,117.3086916931558,4,19,26,0,120.41665192813765,0
TXN100026,42.13890797144933,4,16,108,0,46.335342067767264,0
TXN100027,62.02801525002035,4,7,64,1,59.630038623012716,0
TXN100028,43.39025754371471,3,12,95,0,42.9824225815448,0
TXN100029,274.78040362617514,4,22,45,0,137.3061267175151,0
TXN100030,49.028641085706944,4,14,29,0,40.61125125878547,0
TXN100031,84.7319993237274,6,16,114,0,77.05717302490342,0
TXN100032,64.71152469558061,4,7,61,0,72.97731709788002,0
TXN100033,314.9393380665665,5,11,29,1,305.9511756443361,0
TXN100034,102.36634613087338,6,12,25,1,118.71991824022243,0
TXN100035,433.0296054124349,4,20,15,0,427.872115378674,0
TXN100036,264.05464588608316,5,20,119,0,77.44344940227892,0
TXN100037,48.412051719057196,4,21,49,0,65.53663648294423,0
TXN100038,1633.6304876832,24,5,15,0,489.514766557105,1
TXN100039,138.1965789103472,1,10,72,0,112.82443647357437,0
TXN100040,270.6516425605763,3,22,66,1,208.4157842126402,0
TXN100041,75.41212256359107,7,13,21,0,80.22014815545171,0
TXN100042,59.57434844705146,9,17,54,0,64.81856615765066,0
TXN100043,160.57572963852772,6,13,40,0,171.91466653840604,0
TXN100044,116.32093467349715,2,9,108,0,100.02041054702613,0
TXN100045,50.61196581679901,4,12,95,0,51.177684355237375,0
TXN100046,182.25943077571674,6,9,45,0,212.1088215465937,0
TXN100047,169.32226309736393,2,17,70,0,190.91161986634913,0
TXN100048,103.28050385978246,7,13,100,0,108.20357598765128,0
TXN100049,79.7457653494819,8,10,81,0,82.14219156992317,0
TXN100050,134.30383816559166,5,11,16,0,162.52411953394434,0
TXN100051,141.13522637925456,5,12,115,0,205.4446150126954,0
TXN100052,101.3641719307779,3,9,76,0,98.31019417028739,0
TXN100053,1204.416056291527,27,3,2,0,660.0040192483164,1
TXN100054,123.9830597613162,8,17,91,1,145.50066686435392,0
TXN100055,309.37822442823415,3,19,50,0,218.40663577923968,0
TXN100056,88.5449519030732,7,16,107,0,78.35974327485161,0
TXN100057,186.57296702540495,2,10,12,0,169.3244295878539,0
TXN100058,131.6682846666671,4,8,105,0,118.84995365621401,0
TXN100059,1200.0,12,0,8,1,551.1068341290662,1
TXN100060,152.04827873541933,5,13,80,0,163.33311898660003,0
TXN100061,201.84633270522167,4,10,88,0,171.35402390013707,0
TXN100062,233.59315431119856,6,22,63,0,158.5353251208928,0
TXN100063,78.22953635570913,4,17,69,0,47.44907118201242,0
TXN100064,137.55555595806197,6,7,26,0,151.83979690023833,0
TXN100065,88.22253217371308,2,15,13,0,89.61340217310662,0
TXN100066,221.0585276183443,5,10,49,0,161.14282903480486,0
TXN100067,81.2680928578847,3,10,23,0,75.70680290397227,0
TXN100068,97.23528371070546,3,13,69,0,107.89388780802489,0
TXN100069,107.99658926249401,4,12,17,0,79.3597152090378,0
TXN100070,351.1527070233371,5,8,34,0,297.1466452923733,0
TXN100071,213.51375160034888,7,13,99,0,203.85980449387145,0
TXN100072,215.04537954130828,3,13,15,0,183.7399826532967,0
TXN100073,292.7056006917421,7,16,53,0,239.85161164366755,0
TXN100074,98.64079568819422,3,14,45,0,95.43836448545899,0
TXN100075,248.95090449812534,8,9,83,0,253.2202674510951,0
TXN100076,98.95444096908285,1,22,79,0,100.48483740739063,0
TXN100077,128.80260862078532,5,7,73,0,121.82381692796176,0
TXN100078,545.8155601538019,5,19,35,1,363.72522392933035,0
TXN100079,96.55173898988032,5,15,54,0,87.36016156321809,0
TXN100080,29.593047989049676,5,19,108,0,30.265157119376923,0
TXN100081,214.3369420705557,3,19,67,0,174.2791696026488,0
TXN100082,103.08045433216246,3,14,75,0,68.44526071104868,0
TXN100083,136.93740980341147,3,14,67,0,140.2451171596701,0
TXN100084,497.0405562873371,5,22,26,0,425.06472441772195,0
TXN100085,75.86397524618187,4,13,68,0,79.74890242644649,0
TXN100086,64.08924246921801,2,21,12,0,56.544773572695156,0
TXN100087,106.73846261519485,4,20,30,0,94.10665140993905,0
TXN100088,189.61886061707645,9,22,112,0,186.18809530403075,0
TXN100089,179.34304439889937,7,19,24,0,181.23550250594644,0
TXN100090,81.83579501447616,4,8,105,1,86.62134283471637,0
TXN100091,131.81179401919385,4,10,50,0,111.4445977610159,0
TXN100092,233.1159332830812,9,9,24,0,263.23177296787367,0
TXN100093,279.007971873062,5,8,32,0,306.4614833534028,0
TXN100094,3264.5038167557564,24,5,13,1,1336.3598302950907,1
TXN100095,81.13845702290575,4,21,59,1,58.86455948819449,0
TXN100096,307.5219366533161,3,10,36,0,308.2007210188265,0
TXN100097,673.0077631525153,4,19,101,0,591.4769469678648,0
TXN100098,385.16345897911185,9,17,100,0,276.720378851424,0
TXN100099,61.3032011064255,4,12,80,0,56.13308021575646,0
TXN100100,133.51057019396353,3,11,33,0,140.3725266199859,0
TXN100101,159.889009527399,5,19,28,0,134.1576305900978,0
TXN100102,146.24079895992583,4,10,97,0,157.67037497492728,0
TXN100103,68.85746241362325,4,10,62,0,39.297324079126945,0
TXN100104,144.30991388814516,3,7,59,0,85.20865383357062,0
TXN100105,49.72400362519614,12,18,13,0,52.762671522245824,0
TXN100106,212.93440244401037,5,10,98,0,166.6323183680596,0
TXN100107,397.6768021029612,5,17,114,0,320.29557080192944,0
TXN100108,212.35823231010957,3,17,115,0,149.14673674696482,0
TXN100109,98.64808100524388,4,21,111,0,79.2160348324959,0
TXN100110,70.42576290609533,4,7,58,0,67.22302231927306,0
TXN100111,1387.2076955465989,23,5,10,0,361.56404047341925,1
TXN100112,151.27892588253627,4,13,109,0,124.57026322010998,0
TXN100113,137.33345827769307,4,15,73,0,95.61230259337786,0
TXN100114,132.55603940765258,8,13,117,0,92.00483293771026,0
TXN100115,121.14267254394869,7,8,24,0,100.29972743197195,0
TXN100116,209.74323518405228,4,11,21,0,228.0189727335043,0
TXN100117,318.6455239454567,5,9,105,0,255.06344899178114,0
TXN100118,163.1809799304093,7,20,119,0,84.11336367187978,0
TXN100119,226.20826631859464,5,18,102,0,266.7264417850898,0
TXN100120,210.31218666164065,9,19,50,0,244.89805420338692,0
TXN100121,94.3925515034319,8,17,39,0,106.46873198811852,0
TXN100122,188.09389406995084,3,19,112,0,220.2797211113555,0
TXN100123,97.93684145155251,3,18,103,1,83.61200739620624,0
TXN100124,53.40245066405483,7,13,98,0,39.889946106808154,0
TXN100125,107.69348914903637,7,10,13,0,58.194055825534946,0
TXN100126,225.12233546117037,6,21,43,0,157.22915149717593,0
TXN100127,96.47115816659895,3,10,69,0,92.92001206162772,0
TXN100128,152.07747592493942,7,20,19,0,147.52170273297656,0
TXN100129,115.28282215987593,6,9,108,0,128.04624994364474,0
TXN100130,89.7087633063943,6,19,60,0,86.36042344969097,0
TXN100131,69.09413113074717,4,16,17,0,76.11291007202055,0
TXN100132,81.73319318405379,7,13,21,1,57.83240840281937,0
TXN100133,170.19306523705197,4,16,84,1,182.75280350001879,0
TXN100134,4062.942601610697,21,6,17,1,2012.1026278194327,1
TXN100135,287.17301984400547,2,17,59,0,177.07400446582614,0
TXN100136,120.09657712265059,4,13,80,0,107.51083806986743,0
TXN100137,1203.228095683822,17,5,3,0,541.3510129158785,1
TXN100138,152.29216168429713,5,10,86,0,162.88920789120505,0
TXN100139,272.1124086293108,8,11,114,1,215.594719490817,0
TXN100140,128.09914316036352,6,14,74,0,155.78011370544877,0
TXN100141,82.64464910804556,3,17,70,0,48.19909230278781,0
TXN100142,151.60097376121078,2,20,118,0,150.3321894481944,0
TXN100143,122.17205767110121,2,12,112,0,139.01638493197123,0
TXN100144,191.65463297216562,4,16,61,0,187.49609384554537,0
TXN100145,129.55804874768722,4,19,100,0,95.22700729893708,0
TXN100146,74.29864502511978,5,17,91,0,64.4744475053537,0
TXN100147,158.5295212508071,7,7,106,0,89.08025105485848,0
TXN100148,124.81482049501946,4,14,27,1,142.64272254022842,0
TXN100149,219.62224744254826,1,20,45,1,209.92079003931102,0
TXN100150,163.32784744747116,8,21,64,0,145.8335386604527,0
TXN100151,1200.0,19,4,2,1,194.12918450124513,1
TXN100152,309.1554471537379,6,13,35,0,245.6631359006777,0
TXN100153,344.04810217386193,5,16,79,1,332.7181972677305,0
TXN100154,66.81014177851436,3,17,85,0,52.992542217070934,0
TXN100155,544.9129276031831,7,19,115,0,460.1848005471928,0
TXN100156,165.14244897978287,3,9,86,0,163.97157373600703,0
TXN100157,140.10623210077932,5,17,78,0,152.51603523344406,0
TXN100158,43.355724397264346,1,14,39,0,42.51950147587904,0
TXN100159,103.10087163738392,4,17,68,0,82.9827235258805,0
TXN100160,61.30379597431217,3,22,77,0,62.564322709911025,0
TXN100161,180.81860142693526,5,22,71,0,126.05543162723819,0
TXN100162,307.8894732439801,1,8,61,0,327.17000557064694,0
TXN100163,1200.0,14,6,5,1,568.6736010893353,1
TXN100164,145.72860196588294,4,14,119,0,136.61126956334294,0
TXN100165,62.37981171518152,7,22,89,0,60.538027040957175,0
TXN100166,239.5935018621935,5,11,55,0,194.68910886020998,0
TXN100167,60.555057142777194,6,12,73,0,88.67312674477463,0
TXN100168,188.32952956446115,8,14,24,0,173.0528417525012,0
TXN100169,277.815699792611,1,15,20,0,246.8149347435185,0
TXN100170,59.472010633826095,3,21,50,0,56.1293579849457,0
TXN100171,153.69024272659033,3,11,77,0,150.38907607161548,0
TXN100172,288.4623850920272,9,7,25,0,319.25519623725916,0
TXN100173,87.97544050479175,4,19,42,0,79.14782384433006,0
TXN100174,106.39515896705949,4,17,118,0,118.5266380082807,0
TXN100175,168.8610358244646,6,13,94,0,135.82461068590723,0
TXN100176,155.08701054024445,4,12,72,0,150.06844831251334,0
TXN100177,678.3065520771924,6,13,36,0,632.7964178422228,0
TXN100178,119.59253887767544,4,20,48,0,105.76908693182577,0
TXN100179,161.2225339664472,5,16,40,0,129.67101462806582,0
TXN100180,230.5263441800257,3,9,90,0,272.9912568875573,0
TXN100181,224.0174614386021,3,22,75,1,187.9704722981431,0
TXN100182,85.36765188169998,5,21,64,0,90.36517953382437,0
TXN100183,116.42929641744658,5,18,55,0,100.7909061991229,0
TXN100184,548.4532112954817,3,21,63,0,538.1100885681832,0
TXN100185,44.40701628433537,5,12,120,0,47.020923608009966,0
TXN100186,299.63244291632395,5,19,119,1,354.3164315842146,0
TXN100187,6208.9102723712585,25,3,10,1,2804.5129535247092,1
TXN100188,139.24739627861462,8,8,72,0,187.0726773214995,0
TXN100189,177.72513924252758,5,18,22,0,165.95357961970032,0
TXN100190,82.54724291283745,6,18,16,0,67.35589185234441,0
TXN100191,143.22862303009447,7,19,68,0,164.02907865176795,0
TXN100192,212.32133273616546,4,19,50,0,224.9589771445462,0
TXN100193,129.11729920170146,3,22,19,0,143.77350628971126,0
TXN100194,161.17061664689442,5,20,75,0,185.16719500796844,0
TXN100195,177.68692242440946,6,12,30,0,207.2693331871263,0
TXN100196,112.47227659530415,5,11,14,0,88.83018397580399,0
TXN100197,24.637284394072072,7,16,102,0,29.475584699448266,0
TXN100198,153.90885515922082,6,11,62,0,177.8025262723621,0
TXN100199,1650.423685939173,28,2,1,0,1106.593542091015,1
TXN100200,165.69653555461971,5,9,24,0,239.95152591915445,0
TXN100201,255.30058247845187,5,7,73,0,197.96924431760127,0
TXN100202,132.3383806444698,3,7,78,0,124.83415057491253,0
TXN100203,168.74886159781752,5,16,70,0,129.9966563790277,0
TXN100204,118.04049307865172,4,21,118,0,128.90062202339388,0
TXN100205,72.57134727148049,3,15,28,0,75.53226089476193,0
TXN100206,94.22031301919823,10,21,56,0,56.254029875617356,0
TXN100207,234.83434140069693,5,13,64,0,247.9772187222776,0
TXN100208,111.05825728106552,7,13,23,0,58.08400218721149,0
TXN100209,104.77187134878203,3,11,13,0,125.12038847856762,0
TXN100210,91.44713903072179,6,18,48,0,105.53750342233208,0
TXN100211,583.751323740839,4,7,36,0,565.3310659435955,0
TXN100212,126.76026421464914,6,12,117,0,133.45464260392623,0
TXN100213,78.92103515206347,4,21,80,1,86.61100219788528,0
TXN100214,104.81462883913827,5,17,107,0,64.81430555516809,0
TXN100215,42.70054339847314,4,14,111,0,37.17972972323798,0
TXN100216,350.5936342146072,8,15,70,0,381.1607935632735,0
TXN100217,123.71188976542798,5,16,99,0,136.40875942461875,0
TXN100218,363.4088662019974,5,15,79,0,416.5824112333291,0
TXN100219,624.4782932193713,5,12,37,0,647.7098967979023,0
TXN100220,327.51091142326334,6,11,91,0,358.58465604034285,0
TXN100221,160.84336598831752,8,8,27,0,100.67408811852341,0
TXN100222,508.0001665966825,2,21,77,0,433.04117989749074,0
TXN100223,313.05117511178753,6,14,91,0,332.02183280751575,0
TXN100224,223.6997863101317,6,21,23,0,142.6543168094096,0
TXN100225,205.38007106603544,7,9,44,0,250.19859930999155,0
TXN100226,187.41430228016964,8,10,18,0,199.63156136929356,0
TXN100227,386.7268009107471,6,11,39,0,434.7736554399076,0
TXN100228,140.25693854295113,10,20,37,0,112.4739515395735,0
TXN100229,331.8305334386904,4,20,46,0,327.4660339544745,0
TXN100230,319.3604735989269,5,20,54,0,268.73031081415013,0
TXN100231,115.01391161381508,7,14,83,0,113.64097070241326,0
TXN100232,103.66700904001542,5,19,64,1,97.44457207385172,0
TXN100233,148.92753707497636,5,15,114,0,125.79403882501096,0
TXN100234,217.59077039744562,7,13,72,1,165.29726452929393,0
TXN100235,43.22506671765704,5,17,58,0,44.56360693195975,0
TXN100236,77.06114702534627,5,15,29,0,72.93203346827812,0
TXN100237,96.90845300628322,5,13,18,0,100.93584405170711,0
TXN100238,46.8654415442045,6,15,96,0,42.499514077017594,0
TXN100239,342.56022125210905,8,9,73,0,272.2816542462221,0
TXN100240,259.0929117023119,4,15,21,0,112.6864233653696,0
TXN100241,180.6330891373888,5,17,83,0,175.3383908297133,0
TXN100242,164.88488911948775,2,17,22,0,105.1586242826953,0
TXN100243,166.79580546348353,6,17,62,1,210.3187175985966,0
TXN100244,109.8899259289266,7,18,61,0,69.25854614651665,0
TXN100245,287.9198366662648,4,16,33,0,293.8133503561278,0
TXN100246,114.90844072639314,6,20,85,0,94.79903343417594,0
TXN100247,51.88223246749451,6,17,105,0,58.325516470805745,0
TXN100248,215.909736766011,5,14,32,0,165.82809037503645,0
TXN100249,394.62240345687803,4,19,20,0,370.8821574487142,0
TXN100250,102.01766475856031,8,19,118,0,107.44553956873612,0
TXN100251,97.678870726058,4,13,44,0,123.14412618440828,0
TXN100252,42.729204949054484,2,21,112,0,37.78983211995096,0
TXN100253,112.91886779982838,2,8,25,0,123.12408327179826,0
TXN100254,242.1038844537005,3,9,65,0,230.39844845424668,0
TXN100255,137.61042428958635,7,22,106,0,128.06630552380486,0
TXN100256,212.7918596073747,6,16,56,0,162.1160526412175,0
TXN100257,102.61463941200311,5,21,39,0,82.30304444233829,0
TXN100258,413.2260674977876,1,20,107,0,326.38154378489264,0
TXN100259,57.133142096930975,6,9,111,0,60.161406343245645,0
TXN100260,44.77698047361775,3,16,83,1,31.881421717893968,0
TXN100261,104.67120266777226,4,7,70,1,99.40149831187743,0
TXN100262,180.77505811371594,5,19,87,0,150.15695601207676,0
TXN100263,96.49979340279934,3,9,113,0,81.93982874821906,0
TXN100264,59.487998863958595,4,15,40,0,43.67364483794213,0
TXN100265,211.35095650043039,6,21,90,0,161.9884963707517,0
TXN100266,268.51292682373094,6,16,111,0,189.81827114919352,0
TXN100267,121.19906607245136,4,15,81,0,76.59136903781445,0
TXN100268,373.9258574888016,4,16,94,0,346.338273944599,0
TXN100269,172.0277530866158,5,19,75,0,153.26615675437463,0
TXN100270,28.92013666054333,4,12,54,0,20.86772571019619,0
TXN100271,145.79015886217908,3,11,53,1,120.61356601775681,0
TXN100272,555.8008836102216,1,10,44,0,524.9350985852365,0
TXN100273,101.53270196171025,8,9,34,0,92.88089537765335,0
TXN100274,175.65765644927487,5,21,66,0,187.13358893188445,0
TXN100275,427.4386933189985,5,11,27,0,380.3598553094129,0
TXN100276,334.2418233374899,8,18,38,0,296.2773453556087,0
TXN100277,112.87156295617213,5,10,99,0,96.4326844050246,0
TXN100278,39.288294673281335,4,21,47,0,33.47183982798195,0
TXN100279,239.42176030823495,7,13,59,1,233.44582026321024,0
TXN100280,139.44575301153765,6,9,100,0,144.65469207518876,0
TXN100281,208.48111143284513,4,11,42,0,181.12597867409372,0
TXN100282,70.8161886262267,4,15,41,0,98.78331679494876,0
TXN100283,165.80797155910713,4,18,62,0,183.15617616996525,0
TXN100284,169.87075589225879,5,22,29,0,193.42254187615757,0
TXN100285,109.59911186890375,3,16,97,0,81.20066628927566,0
TXN100286,82.393999425429,5,21,19,0,61.45943219509734,0
TXN100287,351.95778063074516,5,10,25,0,329.87988910972814,0
TXN100288,152.78441609532442,5,20,120,0,166.5831858192628,0
TXN100289,178.88425823665355,3,8,38,0,180.68004548060094,0
TXN100290,167.43306329576404,3,15,74,0,171.50511093087457,0
TXN100291,92.57379759318043,4,21,37,0,69.20009087686772,0
TXN100292,337.9012528132083,6,8,78,0,296.8124521894201,0
TXN100293,189.05001582391216,7,7,44,0,153.17486518620058,0
TXN100294,842.7296417046498,3,17,13,1,884.7509849344779,0
TXN100295,230.39597490868405,6,9,108,0,259.379734776869,0
TXN100296,152.25450458473773,6,15,42,0,125.12735757975743,0
TXN100297,214.2612859908753,2,19,29,0,189.7680261846448,0
TXN100298,61.23181821853091,5,18,114,0,55.8948384604278,0
TXN100299,288.90325576701855,6,22,81,0,291.1222963933018,0
TXN100300,288.17669999675314,5,17,26,0,205.45658306166123,0
TXN100301,325.50272604582506,7,13,26,0,305.5512307407486,0
TXN100302,221.43529770078467,2,22,63,0,245.03078174926821,0
TXN100303,108.30214988314503,4,16,32,0,86.2643128379967,0
TXN100304,175.68667408705377,1,18,118,0,140.21803001877524,0
TXN100305,61.718651711258616,7,13,87,0,76.89985434688089,0
TXN100306,83.95096381511402,7,7,32,0,75.02297933304786,0
TXN100307,87.18014050140667,4,8,69,0,97.90302120422683,0
TXN100308,37.65749781334898,6,8,31,0,26.563677877629516,0
TXN100309,298.1562239741905,5,12,12,0,316.5426330533134,0
TXN100310,197.83717429334644,3,21,83,0,221.39872628864194,0
TXN100311,279.88910394549157,8,21,27,0,320.68065460686995,0
TXN100312,260.0952682266133,4,11,91,0,254.83946674328493,0
TXN100313,246.2234153189504,9,8,97,0,221.44186608545118,0
TXN100314,126.41429048003842,5,17,19,0,86.6838620965892,0
TXN100315,127.6077740746961,4,20,107,1,140.1925512154195,0
TXN100316,87.90733002383783,4,21,28,0,86.13249747300858,0
TXN100317,143.11313469398814,4,15,108,0,128.66308746636886,0
TXN100318,180.73217245455712,6,12,15,1,162.61200723352977,0
TXN100319,79.26064526867201,3,7,40,0,74.24929910163436,0
TXN100320,195.777843612515,7,14,66,0,207.17143490545914,0
TXN100321,82.47361811472791,10,14,33,0,103.15815173402075,0
TXN100322,204.53329875379893,3,18,116,0,199.07097452098142,0
TXN100323,117.59649901946469,7,20,78,0,91.00565411022004,0
TXN100324,924.6273991414442,11,17,19,0,831.1125987877979,0
TXN100325,518.6650614259396,4,15,86,0,453.39588213631566,0
TXN100326,280.36304745970136,2,8,14,0,364.29142164762237,0
TXN100327,237.17457949880404,4,14,49,0,229.66271752133918,0
TXN100328,59.25104016029758,5,21,38,0,66.27537392092046,0
TXN100329,54.356001758310995,7,20,68,0,46.75655660865204,0
TXN100330,264.56185094191204,8,18,37,0,237.9039091948398,0
TXN100331,173.63300476008928,4,11,16,0,157.34014350903976,0
TXN100332,4409.876310574849,26,2,16,0,2091.289900324746,1
TXN100333,433.2317937400808,6,11,16,1,439.39067421717914,0
TXN100334,121.7645698422187,4,14,113,0,108.8321649196044,0
TXN100335,52.95051544229381,4,15,79,0,65.18280336416636,0
TXN100336,131.4474579394886,4,15,79,0,145.29632066141792,0
TXN100337,87.42571940226675,7,19,117,0,91.99983085636498,0
TXN100338,91.58419786838581,3,11,99,0,83.51760930308235,0
TXN100339,193.70536989211453,3,17,94,0,178.09709345564065,0
TXN100340,364.2466908176189,4,15,34,0,397.49941665431896,0
TXN100341,2148.332651732736,28,2,12,1,355.14016648772144,1
TXN100342,185.07611045971947,5,21,48,0,186.116316690435,0
TXN100343,556.139446610901,6,9,112,0,490.63342172575994,0
TXN100344,750.1553086668121,4,16,94,0,525.0230457805437,0
TXN100345,382.9142312706629,2,8,37,0,417.9788420063206,0
TXN100346,144.70663374290163,3,16,64,0,140.93029193114864,0
TXN100347,44.51057893970707,4,7,84,0,37.256961252298034,0
TXN100348,83.57744178266644,14,12,90,0,59.148504486037744,0
TXN100349,53.98490024761804,9,20,63,0,59.57675766997652,0
TXN100350,236.84608030412122,4,18,24,0,225.6383953039819,0
TXN100351,192.78710355673394,2,18,93,0,183.47922874686162,0
TXN100352,72.5758726194463,5,15,28,0,94.7284862622624,0
TXN100353,75.13708956888729,4,22,36,0,65.31726109292079,0
TXN100354,74.99250102526457,6,17,100,1,53.393794471958515,0
TXN100355,341.65974920383536,6,19,112,0,276.5344863303825,0
TXN100356,208.41559497066103,2,12,22,0,187.5561787750785,0
TXN100357,201.50067497250606,3,15,41,0,219.3227145678319,0
TXN100358,198.18725986733878,7,10,107,0,210.83709973976397,0
TXN100359,178.2803175106011,7,16,72,0,147.77035402621178,0
TXN100360,109.0544929159366,7,7,43,0,129.10769998415088,0
TXN100361,123.55434736879576,9,11,81,0,107.49946543996587,0
TXN100362,243.13099830016088,5,18,53,0,263.8156694125703,0
TXN100363,111.53614584239163,2,19,108,0,87.16127861829058,0
TXN100364,82.33693660783348,5,17,103,0,105.26598041854878,0
TXN100365,67.34464303489762,2,10,28,0,58.196605709112774,0
TXN100366,406.12931266898227,5,22,75,0,447.17121555612925,0
TXN100367,143.6761050661206,6,22,92,0,133.9355316743055,0
TXN100368,192.9043668676775,5,11,67,0,181.07832411493234,0
TXN100369,1877.1438285936852,24,4,14,1,1114.687422438987,1
TXN100370,330.55947976210325,5,13,83,0,247.07991209669385,0
TXN100371,79.13311620748354,6,8,27,0,72.7608787351433,0
TXN100372,60.41395910845718,3,8,40,0,56.371215376286976,0
TXN100373,880.6653369545638,2,21,32,0,622.0268261396316,0
TXN100374,118.33977239089765,3,20,107,0,120.83272144501484,0
TXN100375,67.38790745784002,7,7,55,0,64.23123160421545,0
TXN100376,76.16035142909864,3,13,66,0,56.9548404876596,0
TXN100377,182.675271581828,4,16,20,0,148.69467355701664,0
TXN100378,153.9292638371885,4,7,75,0,81.40477374257712,0
TXN100379,74.6921349958972,7,20,47,0,67.85102690153327,0
TXN100380,51.8394931508241,5,22,104,0,44.808251715101825,0
TXN100381,1200.0,13,3,14,1,422.766697255174,1
TXN100382,171.38181695358358,3,9,58,0,163.19875965468913,0
TXN100383,264.3918785935563,3,16,118,0,287.1151231189379,0
TXN100384,186.4850899785273,9,10,100,0,200.7595133573111,0
TXN100385,331.6508809385362,5,8,85,0,311.116824801893,0
TXN100386,113.8606119916507,7,21,83,0,118.76325467180978,0
TXN100387,110.40702155639835,7,20,26,0,138.68697377227548,0
TXN100388,96.11833230374452,5,19,22,0,85.12668008768235,0
TXN100389,61.005252424242464,4,7,44,0,61.06744474334677,0
TXN100390,1200.0,25,2,10,1,648.3412167491595,1
TXN100391,95.46767294640867,4,9,35,0,95.39109127819371,0
TXN100392,636.026725172895,8,22,89,0,623.7971800187178,0
TXN100393,137.89930693486764,7,12,106,0,107.05772430848053,0
TXN100394,97.66218099524374,7,15,99,0,131.4330418140846,0
TXN100395,146.72518480604026,4,8,66,0,113.965341381494,0
TXN100396,134.68410801957305,3,7,53,0,125.54469868707534,0
TXN100397,192.36932334467326,5,12,59,0,203.13669838989873,0
TXN100398,139.2162785086767,4,17,69,0,111.60423739722019,0
TXN100399,1546.7760521743812,15,4,1,1,659.5489050139746,1
TXN100400,133.7282274580861,10,10,86,0,126.56622304182332,0
TXN100401,87.19303681635003,5,21,30,0,91.4961772225495,0
TXN100402,47.13423364307811,5,8,22,0,60.476719973918144,0
TXN100403,118.08543681187128,6,21,86,0,123.81045672819577,0
TXN100404,87.74107910727611,3,7,73,0,73.15786348973938,0
TXN100405,238.94077507805278,4,16,93,0,217.79594817402176,0
TXN100406,78.63288135170853,4,12,93,0,94.27429844959417,0
TXN100407,1903.1071222754022,30,4,2,1,814.6876068951382,1
TXN100408,1401.2642747078366,8,11,14,0,1426.056181195502,0
TXN100409,86.03408275235087,3,7,104,0,88.79424478083156,0
TXN100410,62.45403873406084,9,14,100,0,60.15936412795688,0
TXN100411,91.37513634238171,3,15,56,0,73.88393732103896,0
TXN100412,324.7091662269878,1,22,50,0,306.78213167720185,0
TXN100413,190.53141203653703,6,11,19,0,224.81857507799498,0
TXN100414,85.7952610363843,6,11,89,1,102.96468130448426,0
TXN100415,125.55493282755265,5,7,68,0,116.26967351339724,0
TXN100416,137.26928639576366,9,20,33,0,140.22086837318966,0
TXN100417,527.2054599884982,5,21,63,0,557.7439488495256,0
TXN100418,169.49543540363385,2,16,100,0,135.1328638067665,0
TXN100419,75.06958105630495,7,18,83,0,77.83435789738711,0
TXN100420,44.98226803536686,6,21,83,1,38.95365208653324,0
TXN100421,260.8783191193008,4,21,24,0,188.13896123977696,0
TXN100422,1200.0,15,1,8,1,470.3586208827745,1
TXN100423,244.20781862188178,4,18,23,0,211.61240255262186,0
TXN100424,113.667614189248,7,20,71,0,109.5141793389835,0
TXN100425,198.98048098424434,4,14,77,0,163.15904683778305,0
TXN100426,100.82912239379475,5,11,89,0,96.47515946222525,0
TXN100427,152.66447139415908,1,18,43,0,161.87746046511438,0
TXN100428,104.33923667528018,5,7,74,0,90.81216280235786,0
TXN100429,292.7421047190062,7,9,45,0,286.0928109238249,0
TXN100430,109.2786544718773,5,11,65,0,110.86567818210895,0
TXN100431,83.01807707016685,6,14,85,0,67.64930336981733,0
TXN100432,256.86750214113124,5,16,76,0,142.93311006982674,0
TXN100433,278.57333491127633,4,9,114,0,207.66680612837595,0
TXN100434,469.4120872992518,8,14,47,0,506.9694416395296,0
TXN100435,115.8989516910938,5,19,13,0,90.84510748626279,0
TXN100436,69.73935942099988,2,12,85,0,50.35270120065963,0
TXN100437,143.8089186673073,5,14,93,0,135.1824424701791,0
TXN100438,1200.0,23,4,2,1,674.355279533933,1
TXN100439,91.0292906863338,3,15,57,0,108.73204326784722,0
TXN100440,314.70064164689114,7,16,83,0,295.9545010019618,0
TXN100441,50.60284866359805,5,9,15,1,35.342066937409875,0
TXN100442,79.39161892708732,5,10,19,0,75.69823636256884,0
TXN100443,368.7938611134023,5,12,88,1,309.0748947859625,0
TXN100444,124.70282753287118,5,17,72,0,130.55508305072414,0
TXN100445,147.25717559871023,4,11,101,0,163.40079409537262,0
TXN100446,95.49487477349105,11,20,66,0,98.07080312551199,0
TXN100447,120.52335089330468,5,14,79,1,67.80332191128723,0
TXN100448,173.51670552236337,5,8,118,0,188.251587470901,0
TXN100449,77.07422232947967,4,14,71,0,74.48706258191629,0
TXN100450,276.0295888292255,7,14,33,0,265.95088571175006,0
TXN100451,291.63844886543,4,20,49,0,292.28705244789813,0
TXN100452,476.3965790231554,2,7,63,0,478.3634382892043,0
TXN100453,72.29257154747323,7,17,25,0,84.85047577058988,0
TXN100454,162.1994464745771,3,11,86,0,206.0884955538743,0
TXN100455,426.38029771822477,6,17,29,0,429.50398196105465,0
TXN100456,128.01482045928455,3,13,26,0,131.88945817736575,0
TXN100457,138.8395757015595,8,18,38,0,150.9144806266417,0
TXN100458,117.97672798846575,8,21,52,0,130.09681926570778,0
TXN100459,405.38316726508316,5,11,78,0,409.21619329047206,0
TXN100460,319.68710500134915,4,13,60,0,314.6153617335078,0
TXN100461,74.61790024228787,4,7,77,0,61.941598948314535,0
TXN100462,103.74842764147084,6,12,26,0,114.36215575247999,0
TXN100463,490.6231421528456,3,10,15,0,310.6706213260539,0
TXN100464,53.65993016570129,3,7,51,0,40.89401173116389,0
TXN100465,109.21203075386961,5,20,66,1,102.59587012077424,0
TXN100466,90.25937929474905,5,7,82,0,84.38457195290775,0
TXN100467,84.44208297461773,1,19,20,0,55.55460518673118,0
TXN100468,117.55487198584306,10,9,86,0,114.88320886570382,0
TXN100469,177.51537007333596,4,14,64,0,171.86368477313704,0
TXN100470,98.97833925189893,2,12,62,0,67.29778076284259,0
TXN100471,1413.3905140011698,25,4,8,1,692.2753551333791,1
TXN100472,91.5579161185945,4,13,36,0,100.04647770764477,0
TXN100473,107.94221789042004,6,10,103,0,110.83080938115359,0
TXN100474,103.07074436421063,7,9,55,0,81.09963709658237,0
TXN100475,143.58823135150394,5,7,76,0,132.37522101285137,0
TXN100476,1314.4448795242845,14,0,4,1,514.9336692081702,1
TXN100477,148.05771046429294,5,15,42,0,138.56615334191656,0
TXN100478,131.34147144326212,4,13,37,0,130.69240721064756,0
TXN100479,206.11286051771052,6,16,86,0,301.8203683903716,0
TXN100480,180.50005506710724,6,8,87,0,85.36926299280816,0
TXN100481,118.94617004774588,5,22,67,0,105.53984437794074,0
TXN100482,329.55367707966536,6,15,25,0,210.71191887951707,0
TXN100483,19.652071599559626,9,22,54,0,20.589116614820025,0
TXN100484,147.0368002179572,4,12,90,0,137.94336844770893,0
TXN100485,1720.526852058117,24,5,5,1,819.3542853858568,1
TXN100486,32.06076959276421,5,11,38,1,27.077036799973147,0
TXN100487,242.92481483912687,7,16,107,0,160.18301334916367,0
TXN100488,92.09346310654306,4,22,88,0,62.02538092044171,0
TXN100489,70.77802356584176,1,9,13,0,75.27315178504584,0
TXN100490,91.88961671318654,3,12,87,0,83.41355059754504,0
TXN100491,326.2411362474054,6,20,99,0,258.8177740721358,0
TXN100492,156.99783477508979,3,9,61,0,154.24414947951456,0
TXN100493,61.641333756521014,4,7,120,0,46.36621540294979,0
TXN100494,104.39123009167918,3,12,83,0,103.41942353156361,0
TXN100495,417.9130917411643,4,14,117,0,332.7130306026435,0
TXN100496,139.95370159617337,10,18,58,0,120.03282398745743,0
TXN100497,1523.6537995692943,18,5,15,1,767.2150384372943,1
TXN100498,73.1564233675887,6,10,28,0,71.9629171137317,0
TXN100499,63.13116234422782,6,21,57,0,79.649883949416,0
TXN100500,210.31279677140634,5,15,30,0,180.05053917236097,0
TXN100501,124.97676458813527,6,13,44,0,100.06048336999812,0
TXN100502,141.12764097717027,4,8,50,0,111.10470410301716,0
TXN100503,96.43053098320969,4,15,97,0,72.35542579371553,0
TXN100504,119.5618645077033,7,21,82,0,137.8330295230419,0
TXN100505,93.40424859048755,2,21,78,0,64.54424842386346,0
TXN100506,194.93637572719456,5,19,94,1,161.42415584030863,0
TXN100507,196.11202691558842,4,18,79,0,175.73452425617143,0
TXN100508,94.36507692462014,3,8,35,0,75.79860109600601,0
TXN100509,180.6076051958437,4,22,66,0,157.94797575560287,0
TXN100510,80.87774599216515,9,16,109,0,88.84045887811057,0
TXN100511,43.54965567382151,3,12,12,0,29.839182086305716,0
TXN100512,235.91720504304445,5,16,82,0,133.7939414690119,0
TXN100513,362.14758865108087,5,22,17,0,415.4295429733012,0
TXN100514,92.29933079146598,1,7,66,0,81.20818244015977,0
TXN100515,155.6117860329101,1,10,85,0,120.48252844467272,0
TXN100516,128.78550403757663,6,9,85,0,166.71045079794996,0
TXN100517,123.93164508343335,5,20,30,0,103.4898992280452,0
TXN100518,158.35062890822763,3,18,19,0,109.4958027353433,0
TXN100519,555.4299197155143,5,12,43,0,758.7892555018309,0
TXN100520,80.19082945516759,2,13,64,0,74.22503212024733,0
TXN100521,151.98225670985934,5,12,56,0,144.67244772263265,0
TXN100522,248.88253022054985,4,22,43,0,244.1097966561782,0
TXN100523,58.86763084056507,4,18,101,0,58.71554908880016,0
TXN100524,156.47591395210384,7,22,82,0,161.85814217927683,0
TXN100525,131.84786182225892,3,21,106,0,162.87786300476185,0
TXN100526,90.52278441791486,8,16,91,1,75.82715356775317,0
TXN100527,37.47941493245036,3,9,97,0,30.892264038036952,0
TXN100528,43.46219882973471,8,12,40,0,52.19086484820961,0
TXN100529,47.8696800485448,3,12,80,1,48.79618074031848,0
TXN100530,73.6851938600506,4,11,81,0,71.41329622773725,0
TXN100531,206.93595463912385,4,19,81,0,174.2398773312137,0
TXN100532,128.668554279308,5,16,95,0,99.06261177137011,0
TXN100533,114.88869414308682,7,18,16,0,127.42923087797986,0
TXN100534,219.42434458845847,5,14,111,0,197.579409532328,0
TXN100535,188.41440991693108,8,20,27,0,172.69876996504047,0
TXN100536,257.691529737212,5,14,120,0,293.72094550619727,0
TXN100537,183.3084871732228,6,19,87,0,133.18233627361712,0
TXN100538,56.43805834602115,3,13,61,1,43.61321702109524,0
TXN100539,138.62398932823913,6,12,86,0,115.1953968693336,0
TXN100540,44.709174716755705,5,9,29,0,49.783087227293436,0
TXN100541,180.1843157753882,5,12,15,1,182.16795302337357,0
TXN100542,718.9967437271225,4,21,113,0,583.8613327635011,0
TXN100543,87.69050729459292,7,11,22,0,66.99077547377853,0
TXN100544,204.33373865209364,3,9,101,0,123.07501280726892,0
TXN100545,174.98646817049618,5,7,74,0,140.58907022422332,0
TXN100546,208.9849443612107,4,9,18,0,158.65558054844914,0
TXN100547,2971.406862328929,26,5,6,0,1420.959759469325,1
TXN100548,169.0685102210146,4,7,77,0,175.95929523011785,0
TXN100549,145.5631186043092,5,22,21,0,87.55909751932279,0
TXN100550,142.9621134769789,6,7,111,0,121.66035768783733,0
TXN100551,482.7693371775882,4,17,72,0,465.2170408599003,0
TXN100552,265.94378406975073,5,11,106,0,220.7101790746482,0
TXN100553,96.10274625846452,3,19,34,0,75.19956863450206,0
TXN100554,124.72569185248929,5,22,17,0,128.3103978236856,0
TXN100555,318.68256461566176,7,11,35,0,304.5124905712814,0
TXN100556,73.30267197040347,8,16,26,0,53.662009462807404,0
TXN100557,273.9433248750494,5,14,49,0,309.8710702724107,0
TXN100558,9095.976942210335,24,4,2,1,2610.7249921649977,1
TXN100559,287.788923836177,4,7,28,0,273.1007071807268,0
TXN100560,62.525272525181386,6,14,88,0,57.15181534942271,0
TXN100561,84.29094443371511,7,16,98,0,77.63177158979103,0
TXN100562,74.3626156995847,7,11,109,0,76.98471145581644,0
TXN100563,115.44481605736145,3,11,89,0,89.19057413250421,0
TXN100564,229.4991445010021,7,17,60,0,207.51078795029602,0
TXN100565,32.12203042178293,1,21,78,0,32.553605583175326,0
TXN100566,100.43865990436531,4,9,19,0,81.99365032877611,0
TXN100567,155.74312489917378,4,8,98,0,148.30249769005394,0
TXN100568,54.50555114065552,3,22,108,0,59.74774888091311,0
TXN100569,78.1096370608647,5,19,93,0,77.25458088156834,0
TXN100570,127.99734749751204,4,16,109,0,94.99637882367257,0
TXN100571,82.98966116632371,6,22,75,0,103.7910592193131,0
TXN100572,452.2813952510186,4,20,13,0,378.1471277559894,0
TXN100573,132.6340028534037,6,7,43,0,136.68407869026538,0
TXN100574,1200.0,23,0,6,1,321.67968578246587,1
TXN100575,136.89081899352615,5,20,79,0,140.0315346816806,0
TXN100576,109.02538018649099,3,16,68,1,82.87328560070658,0
TXN100577,103.66690532681238,3,20,85,0,99.71086234494749,0
TXN100578,165.789713809079,6,21,95,0,207.92816567220933,0
TXN100579,4476.6788442495135,29,6,12,0,1955.440816509126,1
TXN100580,65.38347656463354,6,21,115,1,71.18800493678121,0
TXN100581,115.1227427706136,5,10,27,0,74.41927730571821,0
TXN100582,108.29023726944007,6,22,51,0,132.49199874795286,0
TXN100583,24.489117619867486,6,18,89,0,15.0595790615098,0
TXN100584,2748.740310354,19,6,15,1,612.3254412047219,1
TXN100585,85.63730273447813,8,22,30,0,81.46927486550551,0
TXN100586,165.61833209786693,8,8,48,0,140.78540842700568,0
TXN100587,190.75606889942017,5,18,65,0,210.39262175366264,0
TXN100588,105.0622480952814,6,15,61,0,82.86301685568743,0
TXN100589,481.701194317503,6,12,79,0,297.4700870001621,0
TXN100590,123.83038269088608,4,15,78,0,127.23936702132394,0
TXN100591,165.4018322571126,4,11,86,0,149.94560963372587,0
TXN100592,147.6519561139687,4,22,60,0,224.78173645965492,0
TXN100593,163.75567114740102,7,15,35,0,145.6602718094295,0
TXN100594,44.344240715443846,3,10,71,0,51.1651330096774,0
TXN100595,216.8685283276364,6,16,54,0,218.699483727185,0
TXN100596,306.7762877164757,5,11,88,0,424.5857224772972,0
TXN100597,214.4690931930505,3,19,88,0,267.5198529743809,0
TXN100598,138.6232665371867,4,9,90,0,139.6121883945372,0
TXN100599,160.11528021116928,7,22,88,0,167.5572310679299,0
TXN100600,82.03524470336947,5,7,24,0,83.72233820264647,0
TXN100601,650.1664090720263,7,22,99,0,505.1261354803737,0
TXN100602,134.6315596578599,3,9,96,0,149.30800479292856,0
TXN100603,244.97925681371242,3,17,99,0,215.85640523566917,0
TXN100604,62.54934905729093,1,15,20,0,65.13758597777357,0
TXN100605,277.958653151329,6,9,54,0,165.063016608801,0
TXN100606,271.0070637644862,4,7,13,0,280.85867265260106,0
TXN100607,378.19079020150446,4,17,55,1,432.32565204667964,0
TXN100608,226.23353233647768,11,13,76,0,190.18203635183323,0
TXN100609,50.81069605151043,7,16,30,0,58.42728510070161,0
TXN100610,107.08454537868174,10,17,91,1,97.20450856243983,0
TXN100611,254.3375734531415,3,8,111,0,231.70031222483976,0
TXN100612,215.82009720088593,4,22,93,1,183.5310644312601,0
TXN100613,133.56824833342515,3,19,59,0,144.11928404177795,0
TXN100614,360.80637827098934,2,15,51,0,377.0583107038417,0
TXN100615,182.01286094706535,5,7,102,0,133.45436859181376,0
TXN100616,65.45374547030315,4,12,58,0,54.02712459168273,0
TXN100617,126.63642662269311,3,7,23,0,125.89736260101142,0
TXN100618,220.78508891795383,2,20,86,0,258.4142167617138,0
TXN100619,45.36967166005492,3,19,17,0,48.78001399515392,0
TXN100620,45.81878849575282,5,16,71,0,40.15260548769427,0
TXN100621,59.63550151202541,5,20,68,0,73.03766065873222,0
TXN100622,197.23314648917403,5,13,37,0,167.71173729742512,0
TXN100623,59.65855764658649,3,7,117,0,30.057402813550155,0
TXN100624,214.7344934545231,5,7,41,0,191.86319946285,0
TXN100625,79.2002541795447,3,22,62,0,78.44951583083902,0
TXN100626,143.35543051769847,7,17,103,0,154.36853299979603,0
TXN100627,243.75661571281418,1,13,44,0,276.5827789092788,0
TXN100628,55.57343246962236,9,21,73,0,61.344241916172315,0
TXN100629,35.46453206049531,5,13,118,0,37.16276198160311,0
TXN100630,87.82019858915447,7,15,107,0,96.55938314129642,0
TXN100631,133.90164491276133,6,10,45,0,114.26678386815145,0
TXN100632,74.90696791081716,3,15,27,0,77.89006810424888,0
TXN100633,431.75198291477284,4,20,70,0,306.6362008897882,0
TXN100634,248.89942984348554,3,13,105,0,328.37956286909474,0
TXN100635,57.85807549434462,6,14,79,0,73.83651457992991,0
TXN100636,95.03931958144531,3,13,30,0,107.68562448903894,0
TXN100637,282.6454680033882,6,19,46,0,277.39677912728337,0
TXN100638,125.15331953178476,3,12,22,0,122.18179877076794,0
TXN100639,94.08542110592293,5,21,30,0,106.34547213296749,0
TXN100640,274.1867733904988,2,7,54,0,284.71275669816595,0
TXN100641,342.3721444187189,4,18,120,0,323.9904574747907,0
TXN100642,74.58099945920023,9,20,113,0,43.19021399383416,0
TXN100643,342.6158912101959,5,17,20,0,454.61023990458943,0
TXN100644,50.42245092377849,5,18,13,0,62.55229238264304,0
TXN100645,211.7748505806789,5,15,78,0,155.38481908599638,0
TXN100646,451.3377787320912,6,16,104,0,497.47423341419636,0
TXN100647,42.02000530270894,7,18,107,1,29.887032985932095,0
TXN100648,128.56388183944316,6,17,57,0,156.62674046895657,0
TXN100649,86.45398402355298,5,22,80,0,72.46159782032049,0
TXN100650,98.8320531038525,5,13,85,0,109.97355756280338,0
TXN100651,94.5644237227219,6,21,27,1,78.55339962464282,0
TXN100652,1488.1994487438726,14,3,11,1,647.401277381478,1
TXN100653,480.7726087387944,6,12,34,0,414.79332105855906,0
TXN100654,329.3916883219713,6,13,94,0,372.64537318547514,0
TXN100655,102.36632272731973,3,8,107,0,79.1246132471464,0
TXN100656,102.92339252803302,4,11,24,0,118.73753238600133,0
TXN100657,140.96580924621446,4,15,77,0,130.89485856362882,0
TXN100658,240.650229656177,8,10,87,0,187.21171259338115,0
TXN100659,1729.664479192151,14,2,1,1,805.190943121651,1
TXN100660,103.18447359606873,7,11,48,0,77.97404990924275,0
TXN100661,282.5894471270369,9,18,12,0,296.44971142913664,0
TXN100662,6128.325271690442,12,2,6,0,2268.3586780683945,1
TXN100663,81.61498850829044,6,11,120,0,71.13782653266826,0
TXN100664,287.138789462997,3,17,60,0,189.06589132802935,0
TXN100665,45.00600166552938,6,21,114,0,34.7730752456308,0
TXN100666,321.31676660134144,4,10,28,0,424.9966098576681,0
TXN100667,101.82412099703544,5,21,35,0,130.57509560991548,0
TXN100668,125.44276057474453,3,13,120,0,97.89786510157768,0
TXN100669,422.8787980978243,3,7,67,0,412.6426828664083,0
TXN100670,46.84466587276688,5,7,72,0,48.8187593122133,0
TXN100671,571.5736844678415,3,19,29,0,399.0195734009205,0
TXN100672,190.65306608735224,5,15,114,0,218.31140008747104,0
TXN100673,79.65419700412617,8,10,80,0,76.71706641836126,0
TXN100674,77.36232861220714,7,16,12,1,36.27784440109571,0
TXN100675,169.5606297284235,7,21,41,0,167.0983694830656,0
TXN100676,130.0865396786971,3,20,91,0,141.93077822927452,0
TXN100677,373.400383191528,2,14,89,0,356.96493118167,0
TXN100678,454.4214158477504,5,7,41,0,458.8317502630041,0
TXN100679,146.33368111919458,2,10,111,0,162.82382228201274,0
TXN100680,343.00363850711585,5,10,98,0,485.980808825234,0
TXN100681,382.6903058340468,3,18,101,0,303.4502063260571,0
TXN100682,143.88062147111754,2,11,14,0,119.54893393866708,0
TXN100683,118.86828372686162,9,13,48,0,115.44984056766666,0
TXN100684,41.171334690957835,5,21,104,0,44.731342892692076,0
TXN100685,165.00827681477236,4,22,109,0,136.35506312374878,0
TXN100686,194.17457790534215,8,14,63,0,205.73016227171775,0
TXN100687,170.0838500281715,5,14,90,0,196.8691510262139,0
TXN100688,412.1579905361565,5,13,69,0,439.7635229460617,0
TXN100689,230.81385797999278,9,20,54,0,191.9486128211501,0
TXN100690,154.76453022182793,3,11,41,0,98.54515051706576,0
TXN100691,200.33882270368886,6,21,77,0,235.47404036495612,0
TXN100692,390.2817349584214,3,22,22,0,258.15575067816656,0
TXN100693,204.02794984777665,3,13,41,0,180.39412551993078,0
TXN100694,256.973009714933,5,22,16,0,215.8806275605497,0
TXN100695,105.56016882215064,7,8,75,0,74.73920873756977,0
TXN100696,135.00614587762843,6,8,53,0,142.4172217596351,0
TXN100697,156.49040238722728,7,8,89,0,145.44188235627558,0
TXN100698,206.70093622834779,4,14,56,0,146.65615060373887,0
TXN100699,156.09524639362147,8,8,48,0,148.84259563350057,0
TXN100700,89.0247143870742,3,7,117,0,71.16047592380777,0
TXN100701,1200.0,20,0,14,1,501.1985925607353,1
TXN100702,297.84127069639635,7,16,111,0,276.91417361754264,0
TXN100703,82.09772539449604,7,9,77,0,86.09225481270161,0
TXN100704,469.80299629265016,5,10,14,0,354.44864893315366,0
TXN100705,5013.93428131135,18,1,2,1,2586.417422142682,1
TXN100706,66.63528923741353,5,14,82,0,53.88426903193144,0
TXN100707,458.410444512007,4,22,14,0,501.61301713392555,0
TXN100708,393.4238062369756,3,8,99,1,292.57584414868705,0
TXN100709,111.67326717727568,6,19,34,0,59.506542671485946,0
TXN100710,305.39321486284865,1,20,77,1,340.5947670571799,0
TXN100711,139.02715254034172,9,10,77,0,169.11838079520854,0
TXN100712,208.7832905198625,7,15,48,0,195.9394815627929,0
TXN100713,203.93299981978456,7,7,89,0,170.51652082044023,0
TXN100714,501.173595545811,6,19,96,0,573.7544326054831,0
TXN100715,89.96464378240486,7,11,43,0,56.931314120247315,0
TXN100716,97.52635647259719,4,17,22,0,93.7940649364677,0
TXN100717,517.280631277926,7,18,101,0,449.2896473150569,0
TXN100718,301.7923455169483,8,8,12,0,283.7134648128289,0
TXN100719,161.920084750576,12,7,109,0,120.64867636862043,0
TXN100720,192.4352908916305,1,16,69,0,230.72304868377353,0
TXN100721,138.75633073723273,5,15,14,0,65.33289650831382,0
TXN100722,20.269873504908183,3,10,68,0,19.192426662083147,0
TXN100723,64.05790107776043,2,16,36,0,86.67741973083646,0
TXN100724,202.52887226601953,7,13,21,0,139.8170154277987,0
TXN100725,300.8484570489187,5,12,36,0,259.46493851528174,0
TXN100726,148.5142140177881,5,14,30,0,137.7212586822282,0
TXN100727,75.95681259567793,8,16,45,0,55.703077492566344,0
TXN100728,75.80982521892156,6,13,98,0,72.55462918049294,0
TXN100729,1702.1347582373585,15,5,4,1,940.8674890254143,1
TXN100730,595.7454066878224,7,11,20,0,678.106915172139,0
TXN100731,145.52964955398912,3,10,51,0,101.54168208512922,0
TXN100732,251.75923873450037,8,7,60,0,213.75184631360145,0
TXN100733,187.52022065450697,1,18,43,0,203.77448816915756,0
TXN100734,364.54077748027976,5,22,59,0,324.145751588454,0
TXN100735,222.25237201751534,4,17,99,0,269.45913255977246,0
TXN100736,180.40254847616785,5,9,50,0,162.01038631389122,0
TXN100737,379.4651486337994,8,18,120,0,388.05397136176856,0
TXN100738,72.02290946305011,6,16,31,0,82.45440958781835,0
TXN100739,121.32077239794485,2,15,51,1,95.80586220859146,0
TXN100740,92.99339951002685,5,8,16,0,63.994719348094364,0
TXN100741,1200.0,19,3,12,1,567.3386669920725,1
TXN100742,96.5415731217232,8,12,49,0,117.63416649009449,0
TXN100743,343.46301822293054,3,21,30,0,331.1411498921399,0
TXN100744,1206.8488985118433,29,4,17,0,394.6375618294012,1
TXN100745,303.01925881106126,4,16,60,0,295.5641271329065,0
TXN100746,215.17292272135415,2,10,37,0,272.6151860491054,0
TXN100747,208.4111690755453,3,12,95,0,254.0944644119512,0
TXN100748,151.02052247760255,7,16,88,0,154.62980639121923,0
TXN100749,171.63149185516508,7,22,46,0,200.9703907675556,0
TXN100750,291.6176395137951,4,14,94,0,321.01666439212306,0
TXN100751,144.4025045860073,5,15,110,0,136.00914821333578,0
TXN100752,132.82716939806414,6,10,95,1,134.43000468307915,0
TXN100753,216.703312554895,3,9,32,0,147.5862341350085,0
TXN100754,137.74653467605643,7,12,93,0,143.6633779654489,0
TXN100755,115.06577461784036,4,17,30,0,100.54475936003966,0
TXN100756,118.10663180744231,6,13,84,0,131.52721491974808,0
TXN100757,129.3956181168817,7,12,75,0,164.88827572576005,0
TXN100758,257.96313370139484,5,10,84,0,260.74445696264644,0
TXN100759,150.48296203805322,2,21,91,0,191.46400107916526,0
TXN100760,135.33739068682755,2,15,80,1,162.335573058009,0
TXN100761,198.1165932777217,4,9,48,0,197.20675620004855,0
TXN100762,169.4814703971825,3,17,116,0,144.87165746161466,0
TXN100763,73.9335227292578,6,9,18,1,81.50524139680047,0
TXN100764,239.92223204360033,4,8,69,0,197.98508285988626,0
TXN100765,152.3058468245367,2,8,111,0,118.57671183682447,0
TXN100766,56.74478964978183,8,11,30,0,45.86788173218977,0
TXN100767,159.84049651813373,7,12,29,0,185.52518227777273,0
TXN100768,438.4719275114242,4,16,69,0,231.73033210825847,0
TXN100769,71.59074761951761,4,10,120,0,61.90068285730398,0
TXN100770,79.21946133248964,2,21,58,0,65.00014731216038,0
TXN100771,366.6587454313509,6,13,92,0,388.9776257763652,0
TXN100772,498.0098778330381,8,17,50,0,576.4289356173967,0
TXN100773,80.15882252365068,3,17,86,0,70.43043850785138,0
TXN100774,403.79344248900554,5,10,60,0,403.2495692278919,0
TXN100775,128.22695927319293,8,15,104,0,129.29241446222585,0
TXN100776,45.622675532007165,6,7,90,0,39.37321175201694,0
TXN100777,146.8987687742303,8,15,15,0,157.34881465737323,0
TXN100778,110.56851283789003,7,16,108,0,84.68099778801331,0
TXN100779,108.28333338233213,5,7,110,0,127.94952290769149,0
TXN100780,118.28403328012494,2,9,91,0,67.15519891765497,0
TXN100781,154.0277758395627,7,22,63,0,180.58003073124587,0
TXN100782,144.51806179282357,7,15,71,0,131.95977015649888,0
TXN100783,92.5906692354802,3,12,21,0,74.74384739680835,0
TXN100784,156.225642465534,6,11,13,1,145.3739358076742,0
TXN100785,91.43834946012286,1,7,100,0,46.68931811927843,0
TXN100786,215.3081221940779,6,12,47,0,193.95870467509852,0
TXN100787,43.417128257645395,10,14,57,0,31.369958098166734,0
TXN100788,170.59695154024988,4,16,18,0,151.9070400505501,0
TXN100789,133.18126566153737,8,18,85,0,154.65557566779694,0
TXN100790,84.77381649989852,5,9,114,0,97.83308936556507,0
TXN100791,149.16154561338948,5,21,90,0,126.26471953008915,0
TXN100792,97.6835321036495,2,21,49,0,78.74798089003437,0
TXN100793,160.4696144688987,3,13,34,0,158.05273979483036,0
TXN100794,189.55192005727494,7,19,99,0,175.8044384615695,0
TXN100795,160.2352800281155,6,19,41,1,146.32463412849398,0
TXN100796,65.36429814234872,5,11,87,0,73.10999116594807,0
TXN100797,36.16425532665211,2,20,21,0,29.627040752577376,0
TXN100798,44.939854810647866,4,13,38,0,43.97335432663066,0
TXN100799,277.0770982123753,5,16,74,0,284.72801778675284,0
TXN100800,202.16344755864594,4,12,14,0,180.51875101602812,0
TXN100801,97.06924705295692,3,15,73,0,97.895117391695,0
TXN100802,63.65584089901277,4,13,104,0,78.72001436646522,0
TXN100803,180.23313889142923,4,14,15,0,192.96478299713448,0
TXN100804,242.14167665361782,9,14,33,0,201.63885273063212,0
TXN100805,176.4513039511178,2,21,43,0,149.9011488772519,0
TXN100806,199.23839021543603,4,12,103,0,228.20695560989228,0
TXN100807,273.4007897197276,2,18,98,1,294.95322293030455,0
TXN100808,78.87415900234795,6,8,57,0,74.73517532986068,0
TXN100809,73.42164594058924,7,15,99,0,54.34530429022556,0
TXN100810,493.27967853170065,4,13,81,0,408.3556728055106,0
TXN100811,351.56811993417557,5,19,98,0,281.34602637707167,0
TXN100812,148.84839319067942,8,9,113,0,189.52821789541827,0
TXN100813,228.24935605380816,4,12,29,0,235.55885573578487,0
TXN100814,329.225093524299,6,22,112,0,350.2876238687079,0
TXN100815,103.83813937308682,3,21,112,0,115.49505106366229,0
TXN100816,99.09629938210092,6,11,43,0,116.14994435360431,0
TXN100817,291.037075966019,2,10,109,0,209.2969751792236,0
TXN100818,129.90293618735444,4,14,120,0,79.81402992124899,0
TXN100819,91.37954279784059,6,7,61,0,99.01406469113587,0
TXN100820,252.5774766632436,4,7,63,0,229.76548987751497,0
TXN100821,30.760592076010933,5,17,95,0,26.1009820111198,0
TXN100822,290.1559366094774,8,22,114,0,304.3389982625535,0
TXN100823,38.745161238441064,6,22,74,0,30.164964604811626,0
TXN100824,79.01089743530257,4,17,35,0,66.5476741390386,0
TXN100825,214.6776935898275,2,7,40,0,236.95345340395937,0
TXN100826,222.40319959429692,4,16,19,0,129.93951990562013,0
TXN100827,147.1429665480365,8,18,77,0,177.32493317333194,0
TXN100828,144.78659790490389,3,20,43,0,123.4620620801056,0
TXN100829,126.8411541445206,5,11,53,0,126.60918090595645,0
TXN100830,131.19261573203426,12,17,100,1,111.00384432599174,0
TXN100831,82.7656977034254,3,22,25,0,58.11592266050804,0
TXN100832,61.148173456626054,5,12,99,0,47.353446849395155,0
TXN100833,236.2056058960756,7,19,75,0,291.8880727300122,0
TXN100834,74.41297927968478,5,10,59,0,74.47049748561598,0
TXN100835,212.55287208548737,7,10,88,0,173.11402397978947,0
TXN100836,269.5480214973567,7,20,86,1,237.2222516687555,0
TXN100837,91.60874035470829,8,18,109,0,84.29944064815882,0
TXN100838,89.01146448732527,5,18,60,0,95.9723065532151,0
TXN100839,113.59423412128355,6,13,99,1,77.7311918166613,0
TXN100840,99.43048831424838,4,10,70,1,83.76991002988272,0
TXN100841,5640.775730281489,27,1,2,1,3211.9005291055405,1
TXN100842,128.9930910046525,4,20,69,0,139.75704532501115,0
TXN100843,215.654965085758,5,19,40,0,162.24619640057796,0
TXN100844,108.77991437236285,5,18,114,0,70.5448256439064,0
TXN100845,118.03768402641711,7,13,57,0,135.2983211128962,0
TXN100846,92.1385739557864,8,13,95,0,97.46891468223349,0
TXN100847,152.53787173186785,5,22,34,0,99.13846240760654,0
TXN100848,135.53820631471712,8,11,49,0,144.01442509325832,0
TXN100849,87.08403828548163,6,9,54,1,73.14299446862465,0
TXN100850,243.8766160760471,5,18,70,0,228.49637863774137,0
TXN100851,141.94286892240484,2,15,55,1,202.72645452819947,0
TXN100852,59.378570212840366,8,19,35,0,51.58975081663114,0
TXN100853,168.3611445604129,5,18,55,0,164.43685323401425,0
TXN100854,66.87139950139715,6,18,104,0,72.50852876343338,0
TXN100855,107.69794309478675,6,19,88,0,112.80756981308446,0
TXN100856,169.4570749679906,6,22,112,0,184.05878589288875,0
TXN100857,38.7054375119909,6,14,28,0,38.268792267104985,0
TXN100858,212.9392023178294,6,15,95,0,209.70923225141024,0
TXN100859,79.84177585372284,5,16,117,1,95.66638436461166,0
TXN100860,428.4523815138275,6,17,52,0,598.3029615135364,0
TXN100861,92.17001870091192,5,16,23,0,95.1445004695645,0
TXN100862,114.25353033265475,6,14,87,0,104.14576705061654,0
TXN100863,104.84780724019312,1,8,49,0,96.60782971103751,0
TXN100864,1200.0,22,3,13,1,668.2374213287464,1
TXN100865,289.0779412769827,5,19,30,0,250.25534405744418,0
TXN100866,211.10075320664578,4,11,15,0,170.3331964645405,0
TXN100867,359.4112503133176,6,15,21,0,279.2248321456998,0
TXN100868,225.6707975862272,5,17,64,0,233.7665041889484,0
TXN100869,280.60666534909103,5,9,13,0,257.63903823821636,0
TXN100870,91.99879214467875,5,7,57,0,84.11372381858052,0
TXN100871,102.16574876059272,5,21,45,0,72.00936293930104,0
TXN100872,113.57817862622501,5,19,36,0,104.63492211291579,0
TXN100873,130.70392153519202,4,18,76,0,95.62149878828464,0
TXN100874,6115.250557252844,15,3,8,1,2935.3666171643235,1
TXN100875,219.31890479179847,4,17,71,0,157.30537702364347,0
TXN100876,75.82038608725937,7,11,89,0,59.52489430777549,0
TXN100877,338.598263742375,4,11,102,1,254.64596391963266,0
TXN100878,72.60206754909059,4,17,117,0,80.81204561891518,0
TXN100879,112.89417213285549,4,10,14,0,112.28933392078491,0
TXN100880,156.16586802599844,7,7,47,0,189.72609954569018,0
TXN100881,163.86944603103677,6,22,28,1,150.75609121624188,0
TXN100882,105.36457185119059,11,7,66,0,125.45989060909358,0
TXN100883,68.9457650766354,3,9,42,0,73.12004466557765,0
TXN100884,309.5468851999138,3,20,30,0,316.53807796978435,0
TXN100885,129.11147113875072,6,15,113,0,118.19460128664979,0
TXN100886,410.6587415253186,5,21,13,0,357.62210745546093,0
TXN100887,305.76275438928275,7,11,69,0,219.24094824707575,0
TXN100888,160.70148448912246,5,14,79,0,167.95548956352684,0
TXN100889,233.4568189820704,6,16,81,0,189.2169038462117,0
TXN100890,260.30468563499886,4,18,24,0,301.9478145865016,0
TXN100891,139.41920754765306,7,18,84,0,139.64639904116,0
TXN100892,85.76399879221653,6,21,107,0,47.75490373211395,0
TXN100893,477.62459913856605,5,20,87,0,452.64670055205204,0
TXN100894,102.54192757432618,5,17,40,0,94.31041862196668,0
TXN100895,269.85177347625745,3,15,104,0,251.68595246806365,0
TXN100896,382.54555839752976,4,13,106,0,454.8463327507798,0
TXN100897,117.44786908212608,6,10,44,1,127.86436739329604,0
TXN100898,1200.0,30,1,1,1,653.7437399804263,1
TXN100899,166.7866653780659,4,18,116,0,179.16963557902724,0
TXN100900,89.77955594821637,7,17,105,0,89.0466827873039,0
TXN100901,4002.360280541733,17,1,9,1,1828.8945854114863,1
TXN100902,160.93372395590254,3,18,54,0,147.8763858439181,0
TXN100903,181.47330480197803,3,10,47,0,140.1593745992374,0
TXN100904,353.77109487349674,6,10,49,0,403.942288948973,0
TXN100905,106.57076947439448,4,21,120,1,79.83222323323425,0
TXN100906,190.71535034881379,5,7,50,1,141.074512102358,0
TXN100907,149.94167697788433,7,16,96,0,107.69855638898471,0
TXN100908,151.30853498212036,3,8,101,0,178.5299572638743,0
TXN100909,137.48623758258535,3,10,28,0,141.95211860925687,0
TXN100910,231.91844511883747,4,12,64,0,221.78989505200474,0
TXN100911,1914.648216339323,23,0,3,1,875.8941294433549,1
TXN100912,122.75678376955351,2,12,87,0,108.43938732378709,0
TXN100913,120.46756535669579,3,7,103,0,116.52862461358214,0
TXN100914,193.00958259282075,4,18,24,0,181.51135955523088,0
TXN100915,741.757070074059,7,10,91,0,975.5264472358363,0
TXN100916,326.0149505266401,10,17,107,0,324.1607244616411,0
TXN100917,121.6844140305803,3,10,100,0,112.76266431514702,0
TXN100918,107.69460019641899,5,11,41,0,102.91869164433376,0
TXN100919,79.16470379850723,5,22,44,0,49.51815245539373,0
TXN100920,151.50581075738205,7,16,37,0,124.4278791079075,0
TXN100921,234.6915498864724,5,20,29,0,223.9035546131023,0
TXN100922,210.8369589787474,3,9,14,0,198.04073863359912,0
TXN100923,315.84110851669953,11,19,94,0,303.2986697646455,0
TXN100924,150.14091763167863,5,17,84,0,110.6169900535196,0
TXN100925,131.54741528903685,4,15,74,0,130.3054973030701,0
TXN100926,170.85988567849176,9,18,39,0,148.28064288535163,0
TXN100927,124.61714766908611,5,9,98,0,83.34212550551966,0
TXN100928,224.3255610202502,3,13,63,0,237.5282380353205,0
TXN100929,27.282280297700257,2,13,100,0,29.6047116003468,0
TXN100930,156.42886996005439,4,11,27,0,139.41403991622084,0
TXN100931,61.5823448411925,4,14,88,0,61.079910509638694,0
TXN100932,63.33001225789316,4,19,21,0,55.05520232146684,0
TXN100933,251.49421771730567,6,10,104,0,293.34991272068373,0
TXN100934,100.34433764426724,4,12,33,0,85.00070504275759,0
TXN100935,319.05073671716684,1,20,20,0,269.489896066864,0
TXN100936,373.5198416278976,6,12,69,0,442.98291681653643,0
TXN100937,96.4933348799526,1,22,76,1,91.27013459358648,0
TXN100938,178.1553666740304,5,13,54,0,183.10684812226316,0
TXN100939,149.19640277274445,7,14,81,0,141.67370382900924,0
TXN100940,534.2257367139092,4,16,57,0,441.1535253536873,0
TXN100941,373.0624605494739,3,12,26,0,383.60586701937916,0
TXN100942,161.6702961498748,9,11,110,0,157.5611890264664,0
TXN100943,142.30027153894594,3,22,16,1,177.19954204879693,0
TXN100944,444.1655932977877,6,13,84,0,518.8025289181935,0
TXN100945,3899.2266691419923,12,6,12,1,2203.331041648486,1
TXN100946,252.25165960414566,9,11,120,0,263.7666990250432,0
TXN100947,465.5756760922437,4,17,20,0,477.4941410443003,0
TXN100948,123.9533085105828,7,21,24,0,91.79853132506469,0
TXN100949,376.2712438535918,3,8,56,1,393.0705266850736,0
TXN100950,40.67141898025396,8,14,102,0,42.02703079676175,0
TXN100951,68.49927787076646,6,9,49,0,70.75907425819769,0
TXN100952,115.79590978648339,6,21,48,0,140.48974881682085,0
TXN100953,43.816243969924344,2,7,22,0,30.98126456554849,0
TXN100954,109.59634434925421,5,8,36,0,139.51848570249152,0
TXN100955,133.7467411304266,8,12,33,0,158.35562035665075,0
TXN100956,138.13421219459516,7,9,73,0,118.80673661966476,0
TXN100957,43.900860680042584,8,10,82,0,46.169677057579726,0
TXN100958,221.0772524433983,2,13,87,0,209.96843124521695,0
TXN100959,108.44256317878948,4,7,85,0,134.52030511654692,0
TXN100960,294.5009877012665,4,13,50,0,339.27585580478865,0
TXN100961,417.51492007966596,4,10,56,0,494.21009113077713,0
TXN100962,275.9570881830766,5,21,29,0,253.21329161115563,0
TXN100963,64.36896711695529,2,13,110,1,82.99736181918745,0
TXN100964,285.0719714644413,3,16,22,0,202.53455942305507,0
TXN100965,141.7624485273489,8,17,40,0,139.95991418565058,0
TXN100966,188.34270876780718,4,15,116,0,86.82361827735944,0
TXN100967,110.89328039513292,7,18,26,0,107.36029935026944,0
TXN100968,70.46672274483112,7,7,86,0,75.25554788405785,0
TXN100969,388.9646127107402,4,17,98,0,382.4893139003569,0
TXN100970,593.2070229359583,6,21,65,0,567.3791121822521,0
TXN100971,9951.65642434806,15,4,9,1,5000.0,1
TXN100972,58.32145037488403,6,14,51,0,53.44893343114306,0
TXN100973,258.55820675561836,5,15,30,0,266.66759905919736,0
TXN100974,109.83076345937717,6,18,14,0,91.19034438936643,0
TXN100975,269.5498308116237,7,7,77,0,235.19996375657922,0
TXN100976,73.83336460005712,5,20,69,0,64.90297359955116,0
TXN100977,185.6192700243274,4,13,103,0,212.29484881951166,0
TXN100978,46.463546435309,6,16,111,0,37.78338773073159,0
TXN100979,164.56324029210973,5,16,59,0,180.96072789164393,0
TXN100980,202.41949312480918,3,9,107,0,207.37067705393483,0
TXN100981,141.79869080532993,7,16,31,0,149.89942896886308,0
TXN100982,275.70130874968356,6,7,18,0,211.82935075399544,0
TXN100983,44.53325311229213,6,19,92,0,42.955709571440785,0
TXN100984,174.34921806446184,8,11,22,1,142.59597055641711,0
TXN100985,305.15439829022,4,18,104,0,352.1168103623561,0
TXN100986,270.4242592267501,6,14,50,0,239.12577833410512,0
TXN100987,285.6673285489842,10,17,96,0,204.48204543301986,0
TXN100988,149.37667420922313,5,18,78,0,113.45524701373685,0
TXN100989,175.3691432045031,5,22,49,0,63.59095462378187,0
TXN100990,111.29471145271371,5,16,89,0,131.5451762595988,0
TXN100991,163.59404177679542,5,10,31,1,119.63486433121588,0
TXN100992,87.24736790960745,5,16,53,1,82.98582631839535,0
TXN100993,252.1907441804139,4,12,15,0,274.8447257505518,0
TXN100994,146.19440268384068,2,9,32,1,223.97404399215668,0
TXN100995,327.96799772016203,5,9,29,0,216.41772239202606,0
TXN100996,92.89003609940248,9,7,118,0,84.9721490410339,0
TXN100997,85.8355133248086,6,11,28,0,60.68629729123428,0
TXN100998,2429.8698661119774,15,2,4,1,1151.654944185452,1
TXN100999,1583.0648518523528,16,1,16,1,549.4588613190292,1
TXN101000,168.99786011872538,4,16,26,0,132.56223017025135,0
